report_date,section,tier,status,reason,count
"2026-09-22","POLICY","","ACTIVE","","14"
"2026-09-22","POLICY","","RENEWAL_DUE","","21"
"2026-09-22","POLICY","","RENEWED","","0"
"2026-09-22","POLICY","","LAPSED","","8"
"2026-09-22","NOTIFICATION","OVERDUE","FAILED","FAILED","51"
"2026-09-22","NOTIFICATION","OVERDUE","GATEWAY_TIMEOUT","GATEWAY_TIMEOUT","42"
"2026-09-22","NOTIFICATION","OVERDUE","SENT","SENT","32"
"2026-09-22","NOTIFICATION","OVERDUE","DEAD_LETTERED","FAILED","11"
"2026-09-22","NOTIFICATION","OVERDUE","DEAD_LETTERED","GATEWAY_TIMEOUT","5"
